DOUBLE WEAR STAY IN PLA,YA6FR2,5.0,48.00,50.00
DOUBLE WEAR STAY IN PLACE,YA6F79,5.0,48.00,50.00
DOUBLE WEAR STAY IM PLACE MAKEU,YA6FCC,2.0,48.00,20.00
OW SHEER LONG,PT1341,5.0,48.00,50.00
DOUBLE WEAR STAY IN PLA,YA6F99,4.0,48.00,40.00
RM ULT LIFT REGEN YOUTH EYE CRM,RHZX01,1.0,165.00,0.00
ANR EYE GEL DUO,PARY01,1.0,0.00,0.00
BETTER THAW SEX WATERPROOF MASC,39FX01,4.0,28.00,40.00
BETTER THAN SEX WATERPRGOF MAS,39FXO1,1.0,28.00,00.00
DAMN GIRL HASCARA BLK,3AOP01,4.0,29.00,40.00
BAG FEE,BAGFEE,1.0,0.05,0.05
DOUBLE WEAR STAY IN PLACE MAK,YA6F01,5.0,48.00,50.00
DOUBLE HEAR STAY IN PLA,YA6F62,1.0,48.00,10.00
DOUBLE MEAR STAY IN PLPCE HAK,YA6F93,1.0,48.00,10.00
DOUBLE HEAR STAY IN PLACE,YA6F79,5.0,48.00,50.00
DOUBLE HEAR STAY IN PLACE HAX,YA6F93,1.0,48.00,10.00
DOUBLE HEAR STAY IN PLA,YA6F12,5.0,48.00,50.00
DN SEER LON,PT1341,1.0,48.00,10.00
DOUBLE HEAR STAY IN PLAC,YA6FCN,5.0,48.00,50.00
DOUBLE FEAR STAY IN PLAC,YA6F98,2.0,48.00,20.00
DOUBLE HEAR STAY IN PLACE WAK,YA6FO6,3.0,48.00,30.00
DI MEER LONG,PT1341,1.0,48.00,10.00
F ULT LIFT REGEN YQUTH EVE CR,RHTX01,1.0,165.00,0.00
AR EYE HATRIX DUD,RYAN01,1.0,124.00,0.00
